{
  "benchmarks": [
    {
      "name": "benchmarks/lit.html",
      "bytesSent": 22736,
      "measurement": {
        "name": "callback",
        "mode": "callback"
      },
      "browser": {
        "name": "chrome",
        "headless": true,
        "windowSize": {
          "width": 1024,
          "height": 768
        },
        "userAgent": "Mozilla/5.0 (Windows NT 10.0; Win64; x64) AppleWebKit/537.36 (KHTML, like Gecko) HeadlessChrome/121.0.6167.161 Safari/537.36"
      },
      "mean": {
        "low": 15.633023601793402,
        "high": 16.392976398221503
      },
      "differences": [
        null,
        {
          "absolute": {
            "low": 0.5398806006987213,
            "high": 1.5521193991820732
          },
          "percentChange": {
            "low": 3.5020468922278467,
            "high": 10.475370090944613
          }
        },
        {
          "absolute": {
            "low": 0.06620684244954511,
            "high": 1.053793157773975
          },
          "percentChange": {
            "low": 0.38071045978611895,
            "high": 6.867073143598853
          }
        }
      ],
      "samples": [
        15.699999999254942,
        17.5,
        15.5,
        16.09999999962747,
        15.400000000372529,
        14.399999998509884,
        14.599999999627471,
        15.200000001117587,
        15.200000001117587,
        18.300000000745058,
        14.599999999627471,
        14.900000000372529,
        14.699999999254942,
        17.5,
        15,
        14.5,
        20.40000000037253,
        14.600000001490116,
        14.799999998882413,
        14.900000000372529,
        22.40000000037253,
        14.299999998882413,
        14.599999999627471,
        15,
        15.599999999627471,
        14.900000000372529,
        17.800000000745058,
        14.799999998882413,
        14.700000001117587,
        14.799999998882413,
        15.799999998882413,
        14.200000001117587,
        18.5,
        15,
        15.5,
        19.699999999254942,
        18,
        21.40000000037253,
        16.299999998882413,
        15.5,
        16,
        14.299999998882413,
        15.699999999254942,
        19.40000000037253,
        15.900000000372529,
        14,
        16.300000000745058,
        15,
        14.599999999627471,
        14.700000001117587,
        19.59999999962747,
        17.699999999254942,
        15.5,
        19.09999999962747,
        15.199999999254942,
        14.800000000745058,
        15.400000000372529,
        15.599999999627471,
        15,
        18.299999998882413,
        16.40000000037253,
        24.5,
        15.700000001117587,
        14.900000000372529,
        15.699999999254942,
        14.900000000372529,
        14.799999998882413,
        15,
        17.199999999254942,
        15.700000001117587,
        15.299999998882413,
        14.800000000745058,
        14.600000001490116,
        15.300000000745058,
        15.5,
        14.5,
        15.5,
        21.300000000745058,
        14.599999999627471,
        14.300000000745058,
        16.600000001490116,
        15.5,
        15.400000000372529,
        16.699999999254942,
        15.5,
        17.699999999254942,
        16.300000000745058,
        14.400000000372529,
        14,
        16.09999999962747,
        16.300000000745058,
        14.599999999627471,
        15.400000000372529,
        14.699999999254942,
        14.099999999627471,
        16.09999999962747,
        15.599999999627471,
        16.40000000037253,
        18,
        16.700000001117587
      ]
    },
    {
      "name": "benchmarks/vanilla.html",
      "bytesSent": 13156,
      "measurement": {
        "name": "callback",
        "mode": "callback"
      },
      "browser": {
        "name": "chrome",
        "headless": true,
        "windowSize": {
          "width": 1024,
          "height": 768
        },
        "userAgent": "Mozilla/5.0 (Windows NT 10.0; Win64; x64) AppleWebKit/537.36 (KHTML, like Gecko) HeadlessChrome/121.0.6167.161 Safari/537.36"
      },
      "mean": {
        "low": 14.632672640897882,
        "high": 15.301327359236227
      },
      "differences": [
        {
          "absolute": {
            "low": -1.5521193991820732,
            "high": -0.5398806006987213
          },
          "percentChange": {
            "low": -9.578220715702228,
            "high": -3.4861644705827963
          }
        },
        null,
        {
          "absolute": {
            "low": -0.9455915602856709,
            "high": -0.026408439371603643
          },
          "percentChange": {
            "low": -6.075478056319414,
            "high": -0.2145627102879473
          }
        }
      ],
      "samples": [
        26.5,
        14.599999999627471,
        14.200000001117587,
        14.699999999254942,
        15.400000000372529,
        14.299999998882413,
        13.400000000372529,
        15.800000000745058,
        15.799999998882413,
        14.199999999254942,
        14.800000000745058,
        13.900000000372529,
        13.800000000745058,
        16.300000000745058,
        13.300000000745058,
        13.400000000372529,
        13.399999998509884,
        13.900000000372529,
        14,
        14.300000000745058,
        15.699999999254942,
        13.300000000745058,
        13.800000000745058,
        17.200000001117587,
        14.800000000745058,
        13.5,
        15.199999999254942,
        14.099999999627471,
        16,
        14.5,
        13.299999998882413,
        15.799999998882413,
        13.5,
        14,
        14.699999999254942,
        16.200000001117587,
        15.900000000372529,
        18,
        16.300000000745058,
        14.800000000745058,
        21.5,
        13.799999998882413,
        13.900000000372529,
        16,
        15.900000000372529,
        16.299999998882413,
        16.90000000037253,
        15.099999999627471,
        14.799999998882413,
        16,
        14.900000000372529,
        14.099999999627471,
        15.099999999627471,
        17,
        13.599999999627471,
        13.900000000372529,
        16.40000000037253,
        16,
        14.099999999627471,
        14.5,
        14.900000000372529,
        14.399999998509884,
        14.900000000372529,
        14.400000000372529,
        14.400000000372529,
        15.700000001117587,
        14.200000001117587,
        15.900000000372529,
        15.800000000745058,
        14.099999999627471,
        15.599999999627471,
        14.300000000745058,
        14.300000000745058,
        15.300000000745058,
        14.699999999254942,
        14.100000001490116,
        15.900000000372529,
        14.900000000372529,
        14.800000000745058,
        15.299999998882413,
        14.799999998882413,
        14,
        13.800000000745058,
        15.200000001117587,
        14.5,
        14.400000000372529,
        14,
        13.300000000745058,
        13.800000000745058,
        14.599999999627471,
        13.300000000745058,
        13.799999998882413,
        14.100000001490116,
        13.400000000372529,
        14.299999998882413,
        15.799999998882413,
        14.399999998509884,
        16.800000000745058,
        15,
        15.099999999627471
      ]
    },
    {
      "name": "benchmarks/lite.html",
      "bytesSent": 19725,
      "measurement": {
        "name": "callback",
        "mode": "callback"
      },
      "browser": {
        "name": "chrome",
        "headless": true,
        "windowSize": {
          "width": 1024,
          "height": 768
        },
        "userAgent": "Mozilla/5.0 (Windows NT 10.0; Win64; x64) AppleWebKit/537.36 (KHTML, like Gecko) HeadlessChrome/121.0.6167.161 Safari/537.36"
      },
      "mean": {
        "low": 15.137643662787495,
        "high": 15.768356337003889
      },
      "differences": [
        {
          "absolute": {
            "low": -1.053793157773975,
            "high": -0.06620684244954511
          },